ResidentDate,Total_Admissions,Doctors_Available,Doctors_Allocated,Nurses_Available,Nurses_Allocated,Beds_Available,Beds_Allocated
2017-03-21,46,10,9,35,34,150,43
2017-03-22,53,10,9,35,34,150,54
2017-03-23,53,10,9,35,34,150,55
2017-03-24,54,10,9,35,33,150,56
2017-03-25,54,10,6,35,34,150,53
2017-03-26,54,10,9,35,34,150,56
2017-03-27,66,10,9,35,34,150,65
2017-03-28,43,10,6,35,34,150,43
2017-03-29,47,10,9,35,34,150,44
2017-03-30,64,10,8,35,34,150,61
2017-03-31,54,10,9,35,34,150,53
2017-04-01,67,10,9,35,34,150,67
2017-04-02,62,10,8,35,32,150,63
2017-04-03,57,10,9,35,34,150,56
2017-04-04,51,10,9,35,34,150,49
2017-04-05,41,10,9,35,34,150,43
2017-04-06,46,10,9,35,31,150,46
2017-04-07,63,10,9,35,34,150,64
2017-04-08,57,10,9,35,34,150,59
2017-04-09,47,10,9,35,34,150,47
2017-04-10,50,10,9,35,32,150,50
2017-04-11,49,10,6,35,34,150,48
2017-04-12,39,10,9,35,31,150,38
2017-04-13,50,10,9,35,33,150,49
2017-04-14,55,10,9,35,34,150,56
2017-04-15,65,10,9,35,33,150,63
2017-04-16,48,10,9,35,34,150,49
2017-04-17,58,10,9,35,31,150,61
2017-04-18,52,10,9,35,31,150,54
2017-04-19,46,10,7,35,34,150,46
2017-04-20,46,10,7,35,34,150,45
2017-04-21,57,10,9,35,33,150,54
2017-04-22,42,10,6,35,34,150,39
2017-04-23,51,10,9,35,34,150,54
2017-04-24,32,10,9,35,29,150,32
2017-04-25,53,10,9,35,34,150,53
2017-04-26,51,10,9,35,32,150,49
2017-04-27,44,10,9,35,34,150,42
2017-04-28,74,10,9,35,34,150,75
2017-04-29,40,10,9,35,34,150,38
2017-04-30,45,10,8,35,33,150,43
2017-05-01,49,10,6,35,34,150,52
2017-05-02,45,10,8,35,34,150,48
2017-05-03,44,10,9,35,32,150,46
2017-05-04,60,10,9,35,34,150,57
2017-05-05,44,10,8,35,32,150,44
2017-05-06,44,10,8,35,33,150,43
2017-05-07,56,10,9,35,34,150,53
2017-05-08,36,10,9,35,34,150,35
2017-05-09,42,10,7,35,33,150,43
2017-05-10,49,10,7,35,34,150,51
2017-05-11,61,10,7,35,31,150,62
2017-05-12,60,10,9,35,34,150,59
2017-05-13,35,10,9,35,32,150,37
2017-05-14,45,10,6,35,34,150,44
2017-05-15,50,10,9,35,34,150,52
2017-05-16,45,10,6,35,34,150,45
2017-05-17,43,10,9,35,32,150,40
2017-05-18,45,10,9,35,34,150,45
2017-05-19,64,10,8,35,32,150,65
2017-05-20,56,10,7,35,33,150,53
2017-05-21,44,10,7,35,34,150,46
2017-05-22,55,10,9,35,34,150,55
2017-05-23,37,10,8,35,33,150,40
2017-05-24,51,10,9,35,31,150,51
2017-05-25,38,10,9,35,34,150,37
2017-05-26,48,10,9,35,33,150,51
2017-05-27,50,10,9,35,34,150,47
2017-05-28,45,10,9,35,33,150,45
2017-05-29,40,10,6,35,34,150,40
2017-05-30,46,10,9,35,32,150,49
2017-05-31,53,10,7,35,34,150,50
2017-06-01,46,10,9,35,34,150,49
2017-06-02,56,10,9,35,33,150,57
2017-06-03,55,10,9,35,33,150,53
2017-06-04,54,10,9,35,31,150,54
2017-06-05,43,10,9,35,34,150,44
2017-06-06,63,10,9,35,32,150,65
2017-06-07,41,10,9,35,31,150,42
2017-06-08,39,10,7,35,32,150,42
2017-06-09,56,10,7,35,34,150,55
2017-06-10,41,10,7,35,31,150,44
2017-06-11,44,10,9,35,34,150,42
2017-06-12,36,10,9,35,33,150,36
2017-06-13,37,10,9,35,32,150,40
2017-06-14,47,10,9,35,34,150,50
2017-06-15,45,10,6,35,34,150,42
2017-06-16,52,10,8,35,31,150,54
2017-06-17,40,10,7,35,32,150,43
2017-06-18,50,10,8,35,34,150,53
2017-06-19,32,10,9,35,32,150,30
2017-06-20,33,10,9,35,31,150,36
2017-06-21,38,10,9,35,34,150,38
2017-06-22,47,10,6,35,34,150,47
2017-06-23,43,10,9,35,34,150,44
2017-06-24,51,10,9,35,31,150,49
2017-06-25,32,10,8,35,33,150,30
2017-06-26,65,10,9,35,33,150,64
2017-06-27,50,10,9,35,34,150,50
2017-06-28,61,10,9,35,33,150,58
2017-06-29,48,10,7,35,34,150,46
2017-06-30,41,10,9,35,34,150,39
2017-07-01,51,10,8,35,34,150,54
2017-07-02,58,10,6,35,31,150,60
2017-07-03,38,10,7,35,33,150,41
2017-07-04,40,10,9,35,34,150,40
2017-07-05,35,10,8,35,34,150,34
2017-07-06,49,10,9,35,34,150,49
2017-07-07,45,10,9,35,34,150,44
2017-07-08,51,10,6,35,34,150,50
2017-07-09,41,10,6,35,34,150,42
2017-07-10,43,10,9,35,34,150,40
2017-07-11,36,10,9,35,34,150,35
2017-07-12,41,10,9,35,33,150,39
2017-07-13,55,10,6,35,34,150,53
2017-07-14,55,10,9,35,31,150,55
2017-07-15,45,10,8,35,34,150,43
2017-07-16,46,10,8,35,34,150,48
2017-07-17,39,10,6,35,34,150,42
2017-07-18,46,10,9,35,34,150,44
2017-07-19,47,10,8,35,32,150,49
2017-07-20,40,10,9,35,32,150,41
2017-07-21,38,10,8,35,34,150,35
2017-07-22,41,10,9,35,33,150,39
2017-07-23,40,10,9,35,34,150,41
2017-07-24,34,10,6,35,34,150,31
2017-07-25,37,10,8,35,31,150,36
2017-07-26,33,10,6,35,33,150,32
2017-07-27,51,10,9,35,31,150,48
2017-07-28,59,10,7,35,34,150,60
2017-07-29,44,10,9,35,34,150,47
2017-07-30,57,10,6,35,34,150,57
2017-07-31,46,10,8,35,33,150,47
2017-08-01,55,10,9,35,34,150,52
2017-08-02,45,10,7,35,32,150,45
2017-08-03,44,10,7,35,32,150,47
2017-08-04,41,10,9,35,34,150,44
2017-08-05,43,10,9,35,33,150,45
2017-08-06,33,10,7,35,34,150,30
2017-08-07,20,10,6,35,23,150,23
2017-08-08,25,10,6,35,27,150,23
2017-08-09,51,10,9,35,33,150,54
2017-08-10,37,10,9,35,31,150,37
2017-08-11,44,10,6,35,32,150,41
2017-08-12,28,10,6,35,25,150,31
2017-08-13,50,10,9,35,31,150,50
2017-08-14,39,10,9,35,34,150,41
2017-08-15,55,10,9,35,32,150,57
2017-08-16,43,10,9,35,32,150,41
2017-08-17,46,10,7,35,32,150,45
2017-08-18,43,10,8,35,34,150,40
2017-08-19,44,10,9,35,32,150,41
2017-08-20,30,10,8,35,31,150,28
2017-08-21,36,10,9,35,32,150,38
2017-08-22,33,10,7,35,34,150,33
2017-08-23,36,10,9,35,34,150,39
2017-08-24,35,10,6,35,34,150,37
2017-08-25,45,10,9,35,34,150,47
2017-08-26,38,10,8,35,34,150,38
2017-08-27,48,10,8,35,32,150,51
2017-08-28,36,10,9,35,32,150,38
2017-08-29,24,10,9,35,23,150,21
2017-08-30,35,10,9,35,34,150,32
2017-08-31,36,10,9,35,34,150,37
2017-09-01,35,10,7,35,33,150,32
2017-09-02,49,10,8,35,34,150,49
2017-09-03,43,10,6,35,34,150,41
2017-09-04,41,10,7,35,34,150,42
2017-09-05,41,10,8,35,34,150,38
2017-09-06,43,10,8,35,34,150,43
2017-09-07,61,10,6,35,31,150,61
2017-09-08,68,10,9,35,34,150,68
2017-09-09,38,10,6,35,34,150,39
2017-09-10,48,10,8,35,34,150,49
2017-09-11,46,10,6,35,34,150,43
2017-09-12,49,10,8,35,31,150,46
2017-09-13,57,10,8,35,34,150,55
2017-09-14,50,10,9,35,34,150,51
2017-09-15,55,10,9,35,33,150,52
2017-09-16,46,10,9,35,31,150,45
2017-09-17,47,10,9,35,34,150,44
2017-09-18,43,10,9,35,34,150,40
2017-09-19,39,10,8,35,31,150,39
2017-09-20,50,10,8,35,31,150,53
2017-09-21,54,10,9,35,32,150,57
2017-09-22,48,10,6,35,33,150,49
2017-09-23,40,10,9,35,34,150,40
2017-09-24,50,10,9,35,34,150,49
2017-09-25,39,10,8,35,31,150,41
2017-09-26,50,10,9,35,34,150,48
2017-09-27,48,10,7,35,32,150,49
2017-09-28,72,10,7,35,34,150,75
2017-09-29,51,10,9,35,32,150,49
2017-09-30,55,10,9,35,34,150,54
2017-10-01,48,10,8,35,31,150,48
2017-10-02,35,10,7,35,32,150,34
2017-10-03,43,10,6,35,31,150,44
2017-10-04,35,10,6,35,32,150,36
2017-10-05,46,10,9,35,34,150,45
2017-10-06,38,10,9,35,34,150,35
2017-10-07,45,10,9,35,34,150,48
2017-10-08,31,10,9,35,30,150,28
2017-10-09,41,10,6,35,34,150,40
2017-10-10,33,10,9,35,30,150,33
2017-10-11,40,10,6,35,34,150,38
2017-10-12,49,10,9,35,34,150,47
2017-10-13,49,10,6,35,32,150,51
2017-10-14,42,10,9,35,34,150,39
2017-10-15,39,10,9,35,34,150,41
2017-10-16,39,10,6,35,33,150,36
2017-10-17,41,10,8,35,31,150,42
2017-10-18,35,10,9,35,34,150,34
2017-10-19,32,10,9,35,33,150,33
2017-10-20,56,10,9,35,33,150,58
2017-10-21,44,10,9,35,34,150,46
2017-10-22,44,10,9,35,34,150,46
2017-10-23,27,10,7,35,25,150,28
2017-10-24,39,10,9,35,34,150,39
2017-10-25,55,10,9,35,32,150,55
2017-10-26,40,10,6,35,32,150,41
2017-10-27,31,10,9,35,31,150,30
2017-10-28,34,10,9,35,34,150,32
2017-10-29,34,10,6,35,34,150,32
2017-10-30,36,10,8,35,33,150,34
2017-10-31,37,10,7,35,34,150,35
2017-11-01,46,10,9,35,34,150,49
2017-11-02,47,10,9,35,34,150,49
2017-11-03,35,10,9,35,34,150,33
2017-11-04,35,10,9,35,34,150,34
2017-11-05,40,10,9,35,34,150,37
2017-11-06,25,10,9,35,23,150,28
2017-11-07,32,10,8,35,33,150,29
2017-11-08,34,10,9,35,31,150,33
2017-11-09,34,10,9,35,34,150,32
2017-11-10,45,10,9,35,34,150,44
2017-11-11,30,10,9,35,31,150,33
2017-11-12,34,10,8,35,31,150,36
2017-11-13,32,10,9,35,31,150,35
2017-11-14,41,10,9,35,32,150,39
2017-11-15,51,10,9,35,34,150,48
2017-11-16,44,10,9,35,32,150,41
2017-11-17,40,10,6,35,33,150,42
2017-11-18,37,10,9,35,32,150,40
2017-11-19,32,10,9,35,30,150,34
2017-11-20,29,10,6,35,30,150,26
2017-11-21,23,10,9,35,20,150,25
2017-11-22,35,10,6,35,32,150,38
2017-11-23,38,10,9,35,34,150,38
2017-11-24,32,10,9,35,32,150,31
2017-11-25,32,10,7,35,32,150,31
2017-11-26,27,10,8,35,26,150,28
2017-11-27,33,10,9,35,33,150,32
2017-11-28,27,10,9,35,25,150,25
2017-11-29,29,10,7,35,28,150,32
2017-11-30,23,10,9,35,20,150,24
2017-12-01,37,10,9,35,34,150,34
2017-12-02,26,10,9,35,27,150,27
2017-12-03,32,10,8,35,34,150,31
2017-12-04,41,10,9,35,31,150,42
2017-12-05,33,10,9,35,30,150,32
2017-12-06,32,10,9,35,34,150,30
2017-12-07,29,10,9,35,31,150,29
2017-12-08,31,10,8,35,28,150,34
2017-12-09,26,10,9,35,23,150,27
2017-12-10,31,10,9,35,32,150,33
2017-12-11,24,10,9,35,27,150,22
2017-12-12,28,10,9,35,28,150,25
2017-12-13,20,10,9,35,20,150,19
2017-12-14,25,10,6,35,25,150,28
2017-12-15,34,10,6,35,31,150,34
2017-12-16,26,10,7,35,25,150,26
2017-12-17,17,10,9,35,16,150,20
2017-12-18,28,10,6,35,31,150,25
2017-12-19,24,10,9,35,27,150,21
2017-12-20,30,10,9,35,33,150,27
2017-12-21,33,10,8,35,30,150,31
2017-12-22,47,10,9,35,32,150,48
2017-12-23,15,10,9,35,15,150,12
2017-12-24,18,10,8,35,15,150,19
2017-12-25,23,10,9,35,26,150,20
2017-12-26,23,10,9,35,22,150,24
2017-12-27,22,10,9,35,22,150,24
2017-12-28,26,10,9,35,27,150,26
2017-12-29,35,10,9,35,33,150,36
2017-12-30,27,10,6,35,29,150,30
2017-12-31,31,10,7,35,34,150,28
2018-01-01,22,10,9,35,25,150,21
2018-01-02,27,10,9,35,26,150,25
2018-01-03,24,10,9,35,24,150,26
2018-01-04,23,10,9,35,24,150,24
2018-01-05,31,10,9,35,29,150,32
2018-01-06,22,10,7,35,19,150,20
2018-01-07,23,10,9,35,24,150,21
2018-01-08,28,10,9,35,25,150,30
2018-01-09,20,10,8,35,20,150,23
2018-01-10,23,10,8,35,25,150,20
2018-01-11,28,10,9,35,27,150,31
2018-01-12,33,10,9,35,34,150,32
2018-01-13,41,10,9,35,33,150,44
2018-01-14,37,10,9,35,33,150,38
2018-01-15,33,10,9,35,30,150,32
2018-01-16,27,10,9,35,27,150,28
2018-01-17,26,10,9,35,24,150,27
2018-01-18,33,10,9,35,31,150,33
2018-01-19,44,10,6,35,32,150,41
2018-01-20,18,10,9,35,20,150,20
2018-01-21,27,10,6,35,27,150,25
2018-01-22,13,10,9,35,10,150,12
2018-01-23,20,10,6,35,21,150,22
2018-01-24,23,10,7,35,20,150,21
2018-01-25,37,10,8,35,32,150,35
2018-01-26,41,10,9,35,34,150,40
2018-01-27,29,10,9,35,31,150,28
2018-01-28,31,10,6,35,28,150,30
2018-01-29,24,10,9,35,26,150,21
2018-01-30,24,10,9,35,21,150,26
2018-01-31,25,10,9,35,22,150,28
2018-02-01,26,10,7,35,23,150,23
2018-02-02,35,10,9,35,34,150,35
2018-02-03,25,10,9,35,28,150,25
2018-02-04,26,10,9,35,28,150,23
2018-02-05,31,10,9,35,30,150,32
2018-02-06,25,10,6,35,24,150,23
2018-02-07,49,10,9,35,34,150,48
2018-02-08,35,10,9,35,33,150,33
2018-02-09,46,10,9,35,34,150,44
2018-02-10,26,10,9,35,27,150,24
2018-02-11,30,10,9,35,31,150,29
2018-02-12,26,10,7,35,26,150,26
2018-02-13,33,10,6,35,30,150,30
2018-02-14,34,10,9,35,34,150,34
2018-02-15,47,10,7,35,34,150,46
2018-02-16,33,10,9,35,34,150,31
2018-02-17,42,10,8,35,31,150,45
2018-02-18,31,10,9,35,29,150,33
2018-02-19,30,10,8,35,30,150,31
2018-02-20,32,10,9,35,30,150,31
2018-02-21,29,10,9,35,30,150,30
2018-02-22,31,10,9,35,33,150,29
2018-02-23,30,10,9,35,31,150,32
2018-02-24,29,10,9,35,32,150,32
2018-02-25,27,10,9,35,29,150,30
2018-02-26,23,10,9,35,22,150,20
2018-02-27,30,10,9,35,33,150,27
2018-02-28,37,10,9,35,34,150,36
2018-03-01,33,10,9,35,30,150,30
2018-03-02,43,10,7,35,32,150,40
2018-03-03,37,10,9,35,34,150,40
2018-03-04,29,10,9,35,31,150,32
2018-03-05,40,10,7,35,34,150,41
2018-03-06,34,10,9,35,34,150,31
2018-03-07,41,10,8,35,32,150,42
2018-03-08,30,10,9,35,27,150,29
2018-03-09,43,10,9,35,31,150,43
2018-03-10,29,10,9,35,28,150,29
2018-03-11,20,10,6,35,20,150,18
2018-03-12,54,10,9,35,34,150,55
2018-03-13,35,10,9,35,34,150,36
2018-03-14,52,10,7,35,34,150,53
2018-03-15,29,10,8,35,30,150,29
2018-03-16,32,10,6,35,33,150,31
2018-03-17,26,10,9,35,24,150,25
2018-03-18,32,10,6,35,34,150,32
2018-03-19,55,10,9,35,34,150,52
2018-03-20,69,10,9,35,34,150,72
2018-03-21,50,10,9,35,34,150,48
2018-03-22,48,10,7,35,32,150,50
2018-03-23,50,10,9,35,34,150,51
2018-03-24,50,10,9,35,31,150,53
2018-03-25,55,10,9,35,34,150,56
2018-03-26,30,10,6,35,28,150,28
2018-03-27,34,10,6,35,31,150,35
2018-03-28,38,10,8,35,34,150,38
2018-03-29,32,10,9,35,33,150,35
2018-03-30,48,10,8,35,32,150,48
2018-03-31,46,10,9,35,32,150,44
2018-04-01,39,10,6,35,33,150,39
2018-04-02,36,10,9,35,34,150,36
2018-04-03,33,10,9,35,33,150,36
2018-04-04,27,10,9,35,29,150,26
2018-04-05,34,10,9,35,33,150,36
2018-04-06,40,10,8,35,33,150,39
2018-04-07,23,10,8,35,21,150,20
2018-04-08,31,10,9,35,30,150,30
2018-04-09,35,10,6,35,33,150,32
2018-04-10,23,10,9,35,24,150,21
2018-04-11,24,10,9,35,26,150,21
2018-04-12,19,10,8,35,20,150,21
2018-04-13,29,10,6,35,26,150,31
2018-04-14,17,10,9,35,14,150,15
2018-04-15,28,10,7,35,30,150,31
2018-04-16,26,10,6,35,25,150,24
2018-04-17,25,10,9,35,22,150,23
2018-04-18,28,10,9,35,25,150,26
2018-04-19,39,10,9,35,34,150,39
2018-04-20,43,10,7,35,32,150,45
2018-04-21,22,10,8,35,20,150,22
2018-04-22,25,10,9,35,26,150,23
2018-04-23,24,10,8,35,21,150,26
2018-04-24,19,10,9,35,21,150,16
2018-04-25,30,10,9,35,33,150,32
2018-04-26,35,10,9,35,34,150,33
2018-04-27,31,10,8,35,33,150,34
2018-04-28,29,10,9,35,27,150,28
2018-04-29,31,10,9,35,28,150,31
2018-04-30,28,10,9,35,28,150,28
2018-05-01,32,10,9,35,31,150,33
2018-05-02,30,10,9,35,30,150,32
2018-05-03,26,10,9,35,29,150,27
2018-05-04,47,10,9,35,31,150,44
2018-05-05,32,10,9,35,32,150,30
2018-05-06,38,10,9,35,34,150,37
2018-05-07,27,10,9,35,24,150,24
2018-05-08,33,10,6,35,30,150,33
2018-05-09,33,10,6,35,33,150,36
2018-05-10,42,10,9,35,31,150,45
2018-05-11,47,10,9,35,34,150,49
2018-05-12,39,10,9,35,31,150,36
2018-05-13,35,10,6,35,31,150,37
2018-05-14,37,10,9,35,34,150,38
2018-05-15,35,10,6,35,34,150,33
2018-05-16,40,10,9,35,31,150,39
2018-05-17,39,10,8,35,34,150,38
2018-05-18,42,10,9,35,32,150,40
2018-05-19,35,10,7,35,31,150,33
2018-05-20,25,10,8,35,24,150,28
2018-05-21,29,10,7,35,31,150,28
2018-05-22,26,10,9,35,25,150,23
2018-05-23,29,10,8,35,27,150,32
2018-05-24,35,10,7,35,32,150,34
2018-05-25,23,10,8,35,25,150,24
2018-05-26,37,10,9,35,34,150,38
2018-05-27,29,10,9,35,31,150,32
2018-05-28,38,10,9,35,31,150,40
2018-05-29,33,10,6,35,30,150,33
2018-05-30,31,10,8,35,31,150,31
2018-05-31,37,10,9,35,34,150,35
2018-06-01,40,10,9,35,32,150,39
2018-06-02,23,10,8,35,25,150,23
2018-06-03,34,10,9,35,34,150,35
2018-06-04,48,10,9,35,34,150,50
2018-06-05,68,10,9,35,32,150,67
2018-06-06,52,10,7,35,34,150,49
2018-06-07,53,10,9,35,31,150,55
2018-06-08,39,10,9,35,34,150,37
2018-06-09,24,10,9,35,22,150,22
2018-06-10,21,10,6,35,18,150,24
2018-06-11,35,10,6,35,34,150,37
2018-06-12,26,10,6,35,23,150,29
2018-06-13,34,10,7,35,34,150,36
2018-06-14,46,10,9,35,34,150,45
2018-06-15,44,10,9,35,33,150,46
2018-06-16,60,10,9,35,34,150,62
2018-06-17,30,10,6,35,33,150,33
2018-06-18,27,10,9,35,27,150,30
2018-06-19,44,10,6,35,34,150,43
2018-06-20,36,10,9,35,33,150,34
2018-06-21,54,10,9,35,31,150,52
2018-06-22,38,10,8,35,34,150,39
2018-06-23,35,10,6,35,34,150,35
2018-06-24,36,10,7,35,34,150,39
2018-06-25,41,10,9,35,33,150,42
2018-06-26,36,10,9,35,32,150,34
2018-06-27,32,10,9,35,31,150,31
2018-06-28,29,10,9,35,28,150,26
2018-06-29,39,10,9,35,34,150,37
2018-06-30,38,10,9,35,34,150,35
2018-07-01,43,10,9,35,32,150,41
2018-07-02,32,10,7,35,32,150,34
2018-07-03,35,10,8,35,34,150,37
2018-07-04,32,10,6,35,30,150,32
2018-07-05,34,10,9,35,34,150,34
2018-07-06,27,10,6,35,24,150,26
2018-07-07,45,10,9,35,34,150,45
2018-07-08,43,10,9,35,34,150,43
2018-07-09,45,10,9,35,34,150,48
2018-07-10,30,10,9,35,33,150,29
2018-07-11,39,10,8,35,31,150,42
2018-07-12,48,10,9,35,34,150,47
2018-07-13,54,10,9,35,34,150,57
2018-07-14,42,10,9,35,33,150,41
2018-07-15,36,10,9,35,34,150,39
2018-07-16,48,10,9,35,34,150,46
2018-07-17,31,10,7,35,34,150,29
2018-07-18,33,10,9,35,34,150,32
2018-07-19,45,10,9,35,31,150,45
2018-07-20,35,10,6,35,33,150,37
2018-07-21,38,10,9,35,34,150,39
2018-07-22,35,10,7,35,34,150,38
2018-07-23,29,10,9,35,28,150,29
2018-07-24,32,10,9,35,29,150,31
2018-07-25,45,10,6,35,34,150,42
2018-07-26,43,10,9,35,32,150,46
2018-07-27,50,10,9,35,33,150,48
2018-07-28,43,10,9,35,31,150,45
2018-07-29,35,10,6,35,33,150,37
2018-07-30,35,10,8,35,32,150,33
2018-07-31,36,10,8,35,34,150,37
2018-08-01,47,10,9,35,34,150,44
2018-08-02,46,10,9,35,34,150,43
2018-08-03,51,10,9,35,34,150,50
2018-08-04,51,10,8,35,34,150,52
2018-08-05,33,10,7,35,30,150,31
2018-08-06,53,10,8,35,31,150,55
2018-08-07,39,10,6,35,34,150,38
2018-08-08,38,10,9,35,34,150,36
2018-08-09,46,10,9,35,33,150,47
2018-08-10,60,10,9,35,34,150,61
2018-08-11,48,10,8,35,34,150,45
2018-08-12,34,10,8,35,34,150,36
2018-08-13,51,10,9,35,31,150,54
2018-08-14,40,10,8,35,34,150,37
2018-08-15,36,10,9,35,33,150,36
2018-08-16,42,10,8,35,32,150,41
2018-08-17,36,10,9,35,31,150,37
2018-08-18,45,10,8,35,33,150,44
2018-08-19,40,10,9,35,31,150,43
2018-08-20,44,10,9,35,34,150,46
2018-08-21,39,10,6,35,34,150,42
2018-08-22,60,10,7,35,34,150,59
2018-08-23,58,10,9,35,34,150,57
2018-08-24,45,10,9,35,34,150,42
2018-08-25,47,10,6,35,31,150,49
2018-08-26,31,10,9,35,34,150,31
2018-08-27,34,10,8,35,34,150,31
2018-08-28,32,10,9,35,34,150,35
2018-08-29,42,10,7,35,34,150,43
2018-08-30,49,10,8,35,32,150,47
2018-08-31,46,10,8,35,34,150,47
2018-09-01,48,10,9,35,34,150,49
2018-09-02,38,10,9,35,31,150,41
2018-09-03,36,10,6,35,34,150,33
2018-09-04,30,10,9,35,28,150,28
2018-09-05,39,10,9,35,34,150,41
2018-09-06,46,10,9,35,32,150,45
2018-09-07,47,10,7,35,34,150,44
2018-09-08,36,10,8,35,32,150,36
2018-09-09,42,10,8,35,33,150,39
2018-09-10,45,10,7,35,34,150,47
2018-09-11,40,10,8,35,34,150,40
2018-09-12,44,10,9,35,34,150,44
2018-09-13,30,10,9,35,30,150,29
2018-09-14,39,10,7,35,34,150,37
2018-09-15,54,10,8,35,34,150,57
2018-09-16,31,10,9,35,30,150,30
2018-09-17,39,10,9,35,33,150,36
2018-09-18,39,10,7,35,34,150,40
2018-09-19,45,10,9,35,31,150,47
2018-09-20,39,10,9,35,34,150,39
2018-09-21,47,10,8,35,34,150,47
2018-09-22,43,10,9,35,34,150,41
2018-09-23,31,10,9,35,28,150,31
2018-09-24,33,10,9,35,30,150,31
2018-09-25,35,10,9,35,31,150,32
2018-09-26,44,10,9,35,34,150,45
2018-09-27,25,10,9,35,27,150,26
2018-09-28,37,10,9,35,33,150,40
2018-09-29,31,10,8,35,33,150,33
2018-09-30,34,10,9,35,31,150,31
2018-10-01,40,10,7,35,34,150,39
2018-10-02,24,10,9,35,25,150,26
2018-10-03,40,10,9,35,31,150,37
2018-10-04,38,10,8,35,34,150,40
2018-10-05,37,10,6,35,34,150,35
2018-10-06,45,10,9,35,31,150,45
2018-10-07,26,10,6,35,28,150,24
2018-10-08,47,10,9,35,33,150,45
2018-10-09,36,10,9,35,31,150,39
2018-10-10,28,10,6,35,28,150,26
2018-10-11,35,10,9,35,31,150,35
2018-10-12,34,10,9,35,34,150,32
2018-10-13,43,10,9,35,34,150,41
2018-10-14,35,10,9,35,33,150,36
2018-10-15,21,10,9,35,21,150,23
2018-10-16,31,10,9,35,33,150,28
2018-10-17,34,10,6,35,34,150,37
2018-10-18,35,10,9,35,31,150,37
2018-10-19,34,10,8,35,32,150,33
2018-10-20,34,10,9,35,33,150,34
2018-10-21,39,10,8,35,34,150,42
2018-10-22,29,10,6,35,30,150,27
2018-10-23,36,10,9,35,34,150,39
2018-10-24,40,10,9,35,34,150,39
2018-10-25,40,10,8,35,34,150,37
2018-10-26,42,10,7,35,31,150,43
2018-10-27,31,10,7,35,32,150,34
2018-10-28,34,10,9,35,31,150,33
2018-10-29,37,10,9,35,33,150,35
2018-10-30,27,10,6,35,28,150,25
2018-10-31,38,10,6,35,33,150,39
2018-11-01,38,10,9,35,32,150,41
2018-11-02,43,10,9,35,32,150,41
2018-11-03,29,10,9,35,27,150,26
2018-11-04,31,10,8,35,28,150,30
2018-11-05,27,10,6,35,30,150,30
2018-11-06,32,10,6,35,32,150,31
2018-11-07,49,10,9,35,31,150,46
2018-11-08,45,10,8,35,34,150,47
2018-11-09,35,10,9,35,34,150,36
2018-11-10,33,10,7,35,34,150,32
2018-11-11,25,10,9,35,25,150,27
2018-11-12,33,10,7,35,34,150,34
2018-11-13,37,10,9,35,34,150,38
2018-11-14,32,10,6,35,34,150,34
2018-11-15,37,10,9,35,33,150,39
2018-11-16,35,10,9,35,33,150,35
2018-11-17,44,10,9,35,34,150,41
2018-11-18,42,10,6,35,34,150,44
2018-11-19,26,10,9,35,29,150,23
2018-11-20,30,10,7,35,31,150,27
2018-11-21,29,10,9,35,27,150,31
2018-11-22,43,10,7,35,33,150,46
2018-11-23,39,10,9,35,34,150,41
2018-11-24,40,10,8,35,33,150,39
2018-11-25,46,10,7,35,34,150,43
2018-11-26,17,10,9,35,19,150,19
2018-11-27,38,10,9,35,34,150,37
2018-11-28,45,10,9,35,34,150,42
2018-11-29,40,10,9,35,34,150,40
2018-11-30,27,10,8,35,28,150,26
2018-12-01,33,10,9,35,34,150,35
2018-12-02,36,10,6,35,34,150,37
2018-12-03,32,10,9,35,34,150,32
2018-12-04,32,10,8,35,34,150,32
2018-12-05,40,10,8,35,34,150,43
2018-12-06,44,10,9,35,32,150,41
2018-12-07,51,10,9,35,32,150,50
2018-12-08,38,10,9,35,31,150,40
2018-12-09,31,10,8,35,34,150,28
2018-12-10,33,10,7,35,34,150,30
2018-12-11,40,10,6,35,34,150,40
2018-12-12,46,10,9,35,34,150,48
2018-12-13,48,10,9,35,33,150,45
2018-12-14,49,10,6,35,34,150,47
2018-12-15,42,10,9,35,32,150,41
2018-12-16,45,10,9,35,34,150,42
2018-12-17,46,10,9,35,34,150,47
2018-12-18,34,10,7,35,34,150,34
2018-12-19,39,10,8,35,34,150,39
2018-12-20,51,10,6,35,34,150,48
2018-12-21,36,10,8,35,34,150,35
2018-12-22,32,10,9,35,30,150,29
2018-12-23,35,10,9,35,31,150,36
2018-12-24,44,10,7,35,34,150,47
2018-12-25,39,10,9,35,34,150,36
2018-12-26,40,10,7,35,34,150,43
2018-12-27,39,10,9,35,34,150,42
2018-12-28,42,10,9,35,34,150,41
2018-12-29,43,10,9,35,32,150,40
2018-12-30,34,10,9,35,32,150,37
2018-12-31,36,10,6,35,32,150,38
2019-01-01,33,10,9,35,34,150,33
2019-01-02,47,10,9,35,34,150,46
2019-01-03,34,10,9,35,34,150,34
2019-01-04,48,10,6,35,34,150,49
2019-01-05,41,10,7,35,34,150,42
2019-01-06,33,10,8,35,30,150,35
2019-01-07,42,10,7,35,33,150,41
2019-01-08,50,10,7,35,34,150,51
2019-01-09,31,10,8,35,29,150,28
2019-01-10,57,10,9,35,34,150,60
2019-01-11,39,10,9,35,34,150,38
2019-01-12,31,10,8,35,32,150,28
2019-01-13,43,10,9,35,34,150,40
2019-01-14,18,10,9,35,20,150,17
2019-01-15,31,10,8,35,33,150,28
2019-01-16,29,10,9,35,32,150,27
2019-01-17,42,10,9,35,31,150,40
2019-01-18,47,10,7,35,32,150,50
2019-01-19,44,10,9,35,34,150,44
2019-01-20,38,10,9,35,34,150,36
2019-01-21,36,10,9,35,34,150,34
2019-01-22,31,10,6,35,31,150,31
2019-01-23,39,10,9,35,32,150,42
2019-01-24,47,10,9,35,34,150,47
2019-01-25,73,10,6,35,32,150,71
2019-01-26,41,10,9,35,34,150,41
2019-01-27,36,10,6,35,31,150,39
2019-01-28,45,10,8,35,34,150,42
2019-01-29,54,10,9,35,32,150,57
2019-01-30,50,10,8,35,34,150,50
2019-01-31,47,10,8,35,34,150,44
2019-02-01,45,10,6,35,32,150,43
2019-02-02,54,10,6,35,32,150,55
2019-02-03,43,10,9,35,34,150,40
2019-02-04,45,10,7,35,32,150,48
2019-02-05,39,10,6,35,34,150,42
2019-02-06,39,10,9,35,34,150,40
2019-02-07,39,10,6,35,34,150,37
2019-02-08,38,10,9,35,33,150,35
2019-02-09,50,10,7,35,31,150,53
2019-02-10,50,10,8,35,34,150,53
2019-02-11,33,10,9,35,34,150,30
2019-02-12,34,10,7,35,34,150,32
2019-02-13,30,10,6,35,27,150,29
2019-02-14,40,10,9,35,31,150,43
2019-02-15,53,10,9,35,34,150,55
2019-02-16,39,10,9,35,32,150,40
2019-02-17,51,10,9,35,34,150,54
2019-02-18,42,10,9,35,31,150,42
2019-02-19,48,10,8,35,33,150,47
2019-02-20,38,10,9,35,32,150,41
2019-02-21,46,10,7,35,33,150,48
2019-02-22,45,10,9,35,32,150,47
2019-02-23,34,10,9,35,32,150,37
2019-02-24,46,10,8,35,33,150,46
2019-02-25,38,10,7,35,33,150,39
2019-02-26,40,10,8,35,34,150,37
2019-02-27,43,10,7,35,34,150,40
2019-02-28,44,10,6,35,34,150,45
2019-03-01,46,10,7,35,34,150,46
2019-03-02,42,10,9,35,33,150,42
2019-03-03,37,10,9,35,32,150,40
2019-03-04,37,10,7,35,34,150,39
2019-03-05,45,10,9,35,33,150,46
2019-03-06,43,10,6,35,34,150,44
2019-03-07,38,10,8,35,34,150,39
2019-03-08,43,10,9,35,34,150,45
2019-03-09,42,10,9,35,34,150,39
2019-03-10,44,10,9,35,34,150,43
2019-03-11,35,10,9,35,31,150,37
2019-03-12,43,10,9,35,34,150,41
2019-03-13,41,10,9,35,32,150,43
2019-03-14,34,10,9,35,34,150,36
2019-03-15,45,10,9,35,33,150,47
2019-03-16,51,10,9,35,34,150,53
2019-03-17,46,10,8,35,32,150,49
2019-03-18,48,10,8,35,31,150,48
2019-03-19,41,10,8,35,32,150,38
2019-03-20,3,10,5,35,1,150,4
2019-03-21,31,10,7,35,29,150,31
2019-03-22,39,10,8,35,34,150,39
2019-03-23,37,10,9,35,34,150,35
2019-03-24,47,10,9,35,33,150,48
2019-03-25,32,10,8,35,31,150,34
2019-03-26,24,10,9,35,25,150,21
2019-03-27,38,10,9,35,32,150,35
2019-03-28,34,10,6,35,33,150,36
2019-03-29,34,10,6,35,32,150,31
2019-03-30,30,10,6,35,33,150,32
2019-03-31,35,10,9,35,32,150,38
2019-04-01,28,10,7,35,27,150,28
2019-04-02,41,10,9,35,34,150,44
2019-04-03,50,10,7,35,34,150,50
2019-04-04,37,10,9,35,31,150,40
2019-04-05,40,10,9,35,32,150,43
2019-04-06,17,10,7,35,16,150,20
2019-04-07,23,10,9,35,25,150,21
2019-04-08,28,10,7,35,26,150,27
2019-04-09,24,10,9,35,26,150,22
2019-04-10,20,10,7,35,20,150,22
2019-04-11,31,10,9,35,33,150,31
2019-04-12,25,10,9,35,23,150,27
2019-04-13,20,10,9,35,20,150,21
2019-04-14,30,10,9,35,31,150,27
2019-04-15,23,10,6,35,23,150,25
2019-04-16,28,10,9,35,29,150,29
2019-04-17,22,10,6,35,19,150,22
2019-04-18,23,10,9,35,20,150,26
2019-04-19,33,10,6,35,30,150,36
2019-04-20,32,10,9,35,29,150,31
2019-04-21,32,10,6,35,34,150,32
2019-04-22,24,10,9,35,27,150,21
2019-04-23,23,10,9,35,20,150,23
2019-04-24,36,10,9,35,31,150,37
2019-04-25,33,10,8,35,32,150,30
2019-04-26,23,10,9,35,26,150,20
2019-04-27,23,10,6,35,20,150,22
2019-04-28,16,10,9,35,19,150,18
2019-04-29,24,10,6,35,21,150,22
2019-04-30,28,10,9,35,28,150,29
2019-05-01,29,10,9,35,26,150,31
2019-05-02,31,10,9,35,34,150,31
2019-05-03,34,10,6,35,32,150,32
2019-05-04,26,10,9,35,23,150,26
2019-05-05,33,10,8,35,34,150,35
2019-05-06,28,10,9,35,29,150,27
2019-05-07,31,10,9,35,28,150,29
2019-05-08,31,10,6,35,31,150,28
2019-05-09,27,10,9,35,26,150,29
2019-05-10,29,10,8,35,26,150,31
2019-05-11,38,10,9,35,32,150,35
2019-05-12,25,10,9,35,23,150,24
2019-05-13,32,10,9,35,34,150,33
2019-05-14,41,10,9,35,34,150,43
2019-05-15,11,10,6,35,10,150,10
2019-05-16,27,10,7,35,27,150,27
2019-05-17,29,10,8,35,29,150,31
2019-05-18,20,10,9,35,21,150,22
2019-05-19,26,10,8,35,23,150,24
2019-05-20,25,10,9,35,28,150,27
2019-05-21,31,10,9,35,28,150,33
2019-05-22,34,10,8,35,31,150,31
2019-05-23,36,10,7,35,33,150,36
2019-05-24,45,10,9,35,33,150,46
2019-05-25,34,10,8,35,34,150,32
2019-05-26,35,10,8,35,34,150,38
2019-05-27,33,10,9,35,31,150,31
2019-05-28,42,10,9,35,31,150,45
2019-05-29,30,10,7,35,27,150,27
2019-05-30,38,10,9,35,34,150,36
2019-05-31,49,10,9,35,32,150,46
2019-06-01,32,10,7,35,34,150,31
2019-06-02,27,10,9,35,28,150,27
2019-06-03,39,10,9,35,32,150,40
2019-06-04,59,10,7,35,34,150,57
2019-06-05,50,10,9,35,34,150,50
2019-06-06,45,10,6,35,32,150,47
2019-06-07,36,10,7,35,34,150,36
2019-06-08,32,10,6,35,32,150,35
2019-06-09,25,10,7,35,23,150,23
2019-06-10,36,10,7,35,34,150,36
2019-06-11,32,10,9,35,34,150,34
2019-06-12,27,10,6,35,26,150,30
2019-06-13,35,10,9,35,33,150,32
2019-06-14,46,10,9,35,33,150,44
2019-06-15,32,10,6,35,34,150,29
2019-06-16,30,10,7,35,28,150,30
2019-06-17,21,10,6,35,22,150,22
2019-06-18,24,10,7,35,21,150,23
2019-06-19,46,10,9,35,33,150,48
2019-06-20,34,10,9,35,31,150,33
2019-06-21,32,10,8,35,29,150,30
2019-06-22,28,10,6,35,30,150,27
2019-06-23,28,10,7,35,28,150,28
2019-06-24,37,10,8,35,33,150,37
2019-06-25,29,10,8,35,28,150,29
2019-06-26,23,10,9,35,26,150,20
2019-06-27,52,10,9,35,31,150,55
2019-06-28,46,10,8,35,33,150,44
2019-06-29,56,10,7,35,34,150,58
2019-06-30,37,10,8,35,34,150,36
2019-07-01,33,10,7,35,32,150,36
2019-07-02,47,10,9,35,34,150,47
2019-07-03,32,10,8,35,29,150,30
2019-07-04,19,10,7,35,20,150,18
2019-07-05,21,10,9,35,24,150,24
2019-07-06,24,10,9,35,25,150,24
2019-07-07,35,10,8,35,34,150,35
2019-07-08,47,10,7,35,34,150,44
2019-07-09,37,10,6,35,34,150,37
2019-07-10,42,10,8,35,33,150,45
2019-07-11,42,10,9,35,34,150,45
2019-07-12,16,10,7,35,18,150,13
2019-07-13,47,10,9,35,32,150,44
2019-07-14,32,10,7,35,33,150,30
2019-07-15,38,10,9,35,34,150,41
2019-07-16,49,10,8,35,34,150,50
2019-07-17,26,10,9,35,28,150,29
2019-07-18,41,10,6,35,31,150,41
2019-07-19,29,10,6,35,31,150,31
2019-07-20,27,10,9,35,25,150,28
2019-07-21,23,10,7,35,24,150,21
2019-07-22,31,10,8,35,31,150,34
2019-07-23,27,10,9,35,27,150,29
2019-07-24,25,10,9,35,28,150,25
2019-07-25,31,10,9,35,30,150,28
2019-07-26,45,10,9,35,34,150,44
2019-07-27,30,10,6,35,32,150,28
2019-07-28,26,10,9,35,24,150,28
2019-07-29,38,10,9,35,34,150,38
2019-07-30,33,10,9,35,33,150,34
2019-07-31,35,10,9,35,34,150,35
2019-08-01,50,10,9,35,31,150,47
2019-08-02,35,10,8,35,34,150,32
2019-08-03,31,10,7,35,31,150,29
2019-08-04,48,10,9,35,34,150,48
2019-08-05,29,10,6,35,30,150,27
2019-08-06,33,10,8,35,33,150,30
2019-08-07,29,10,9,35,30,150,27
2019-08-08,45,10,8,35,31,150,45
2019-08-09,40,10,9,35,34,150,39
2019-08-10,41,10,7,35,34,150,41
2019-08-11,39,10,7,35,32,150,38
2019-08-12,46,10,9,35,34,150,47
2019-08-13,27,10,8,35,29,150,28
2019-08-14,33,10,9,35,33,150,33
2019-08-15,38,10,9,35,33,150,37
2019-08-16,48,10,6,35,34,150,49
2019-08-17,29,10,7,35,28,150,27
2019-08-18,27,10,9,35,25,150,28
2019-08-19,32,10,9,35,32,150,30
2019-08-20,38,10,9,35,32,150,40
2019-08-21,26,10,9,35,25,150,27
2019-08-22,30,10,9,35,29,150,28
2019-08-23,48,10,7,35,34,150,45
2019-08-24,22,10,9,35,23,150,20
2019-08-25,32,10,9,35,33,150,33
2019-08-26,48,10,9,35,34,150,48
2019-08-27,41,10,9,35,34,150,41
2019-08-28,36,10,9,35,34,150,36
2019-08-29,39,10,6,35,33,150,37
2019-08-30,50,10,9,35,34,150,47
2019-08-31,28,10,6,35,26,150,31
2019-09-01,43,10,9,35,33,150,41
2019-09-02,43,10,9,35,34,150,44
2019-09-03,34,10,9,35,34,150,34
2019-09-04,44,10,9,35,34,150,47
2019-09-05,52,10,6,35,31,150,51
2019-09-06,54,10,8,35,34,150,53
2019-09-07,35,10,6,35,34,150,36
2019-09-08,43,10,9,35,34,150,41
2019-09-09,53,10,9,35,34,150,51
2019-09-10,47,10,8,35,34,150,44
2019-09-11,52,10,7,35,34,150,55
2019-09-12,48,10,7,35,33,150,47
2019-09-13,37,10,8,35,31,150,39
2019-09-14,39,10,7,35,31,150,40
2019-09-15,24,10,9,35,24,150,23
2019-09-16,28,10,9,35,27,150,30
2019-09-17,35,10,9,35,34,150,34
2019-09-18,29,10,6,35,30,150,32
2019-09-19,32,10,8,35,34,150,35
2019-09-20,32,10,6,35,31,150,30
2019-09-21,36,10,6,35,31,150,36
2019-09-22,41,10,9,35,33,150,39
2019-09-23,29,10,6,35,31,150,30
2019-09-24,26,10,6,35,27,150,23
2019-09-25,20,10,9,35,20,150,17
2019-09-26,29,10,9,35,30,150,29
2019-09-27,38,10,6,35,33,150,35
2019-09-28,32,10,9,35,31,150,30
2019-09-29,33,10,9,35,34,150,34
2019-09-30,26,10,9,35,26,150,25
2019-10-01,30,10,9,35,32,150,30
2019-10-02,38,10,6,35,31,150,37
2019-10-03,42,10,7,35,34,150,41
2019-10-04,45,10,9,35,34,150,45
2019-10-05,36,10,9,35,34,150,38
2019-10-06,51,10,9,35,32,150,52
2019-10-07,41,10,7,35,32,150,43
2019-10-08,28,10,9,35,29,150,30
2019-10-09,32,10,6,35,34,150,34
2019-10-10,34,10,6,35,33,150,35
2019-10-11,31,10,8,35,28,150,33
2019-10-12,28,10,9,35,31,150,29
2019-10-13,23,10,9,35,22,150,23
2019-10-14,29,10,7,35,32,150,27
2019-10-15,36,10,8,35,33,150,34
2019-10-16,28,10,9,35,27,150,31
2019-10-17,43,10,8,35,34,150,44
2019-10-18,43,10,9,35,31,150,46
2019-10-19,46,10,9,35,34,150,48
2019-10-20,20,10,7,35,17,150,19
2019-10-21,31,10,9,35,33,150,30
2019-10-22,29,10,9,35,32,150,29
2019-10-23,35,10,9,35,31,150,37
2019-10-24,28,10,9,35,27,150,30
2019-10-25,25,10,9,35,24,150,27
2019-10-26,2,10,1,35,2,150,1
2019-10-27,0,10,1,35,1,150,1
2019-10-28,0,10,1,35,1,150,1
2019-10-29,4,10,3,35,6,150,4
2019-10-30,2,10,4,35,5,150,4
2019-10-31,2,10,4,35,4,150,1
2019-11-01,3,10,6,35,5,150,6
2019-11-02,3,10,4,35,3,150,2
2019-11-03,2,10,2,35,1,150,1
2019-11-04,2,10,4,35,4,150,2
2019-11-05,2,10,1,35,1,150,5
2019-11-06,0,10,1,35,1,150,1
2019-11-07,4,10,7,35,6,150,3
2019-11-08,2,10,1,35,3,150,4
2019-11-09,4,10,2,35,2,150,2
2019-11-10,7,10,7,35,4,150,10
2019-11-11,1,10,1,35,3,150,2
2019-11-12,5,10,5,35,5,150,2
2019-11-13,2,10,3,35,3,150,1
2019-11-14,2,10,5,35,1,150,5
2019-11-15,4,10,1,35,4,150,5
2019-11-16,8,10,9,35,6,150,10
2019-11-17,9,10,9,35,7,150,10
2019-11-18,2,10,3,35,4,150,5
2019-11-19,4,10,7,35,3,150,4
2019-11-20,6,10,6,35,8,150,7
2019-11-21,6,10,7,35,9,150,5
2019-11-22,32,10,9,35,31,150,34
2019-11-23,27,10,8,35,30,150,30
2019-11-24,24,10,9,35,27,150,21
2019-11-25,28,10,8,35,25,150,26
2019-11-26,20,10,9,35,17,150,21
2019-11-27,33,10,6,35,31,150,35
2019-11-28,25,10,9,35,24,150,22
2019-11-29,40,10,9,35,32,150,39
2019-11-30,27,10,9,35,24,150,29
2019-12-01,40,10,9,35,31,150,43
2019-12-02,25,10,9,35,27,150,23
2019-12-03,0,10,1,35,1,150,1
2019-12-04,29,10,9,35,28,150,29
2019-12-05,34,10,7,35,34,150,34
2019-12-06,31,10,6,35,31,150,33
2019-12-07,38,10,9,35,34,150,36
2019-12-08,26,10,9,35,25,150,23
2019-12-09,28,10,9,35,26,150,29
2019-12-10,31,10,6,35,33,150,28
2019-12-11,30,10,9,35,30,150,33
2019-12-12,30,10,9,35,32,150,28
2019-12-13,39,10,6,35,31,150,37
2019-12-14,33,10,6,35,31,150,35
2019-12-15,22,10,9,35,22,150,19
2019-12-16,32,10,6,35,29,150,29
2019-12-17,40,10,7,35,34,150,38
2019-12-18,36,10,6,35,34,150,34
2019-12-19,32,10,7,35,33,150,32
2019-12-20,36,10,9,35,31,150,33
2019-12-21,26,10,9,35,27,150,27
2019-12-22,26,10,9,35,28,150,23
2019-12-23,20,10,7,35,22,150,23
2019-12-24,25,10,6,35,24,150,26
2019-12-25,23,10,9,35,24,150,20
2019-12-26,44,10,9,35,34,150,47
2019-12-27,40,10,6,35,34,150,43
2019-12-28,29,10,9,35,28,150,27
2019-12-29,25,10,8,35,27,150,24
2019-12-30,30,10,9,35,33,150,29
2019-12-31,41,10,9,35,34,150,42
2020-01-01,21,10,6,35,18,150,18
2020-01-02,36,10,8,35,32,150,39
2020-01-03,42,10,9,35,34,150,42
2020-01-04,32,10,9,35,31,150,33
2020-01-05,31,10,9,35,31,150,28
2020-01-06,1,10,1,35,1,150,1
2020-01-07,25,10,9,35,24,150,27
2020-01-08,31,10,9,35,29,150,28
2020-01-09,39,10,9,35,34,150,37
2020-01-10,41,10,9,35,34,150,44
2020-01-11,34,10,8,35,34,150,31
2020-01-12,34,10,9,35,34,150,31
2020-01-13,23,10,9,35,26,150,23
2020-01-14,23,10,9,35,24,150,25
2020-01-15,23,10,9,35,23,150,24
2020-01-16,29,10,9,35,32,150,29
2020-01-17,31,10,7,35,32,150,34
2020-01-18,24,10,9,35,24,150,21
2020-01-19,24,10,9,35,26,150,25
2020-01-20,25,10,9,35,25,150,28
2020-01-21,21,10,8,35,24,150,19
2020-01-22,29,10,7,35,29,150,27
2020-01-23,24,10,8,35,22,150,27
2020-01-24,33,10,9,35,30,150,36
2020-01-25,30,10,8,35,28,150,29
2020-01-26,27,10,9,35,28,150,25
2020-01-27,21,10,9,35,22,150,22
2020-01-28,24,10,7,35,26,150,21
2020-01-29,20,10,9,35,22,150,23
2020-01-30,28,10,9,35,25,150,26
2020-01-31,31,10,6,35,33,150,31
2020-02-01,29,10,9,35,32,150,32
2020-02-02,23,10,9,35,23,150,25
2020-02-03,32,10,9,35,32,150,33
2020-02-04,34,10,9,35,34,150,31
2020-02-05,29,10,9,35,32,150,26
2020-02-06,33,10,9,35,34,150,34
2020-02-07,37,10,7,35,34,150,38
2020-02-08,38,10,6,35,34,150,40
2020-02-09,28,10,9,35,25,150,25
2020-02-10,26,10,9,35,27,150,23
2020-02-11,23,10,9,35,24,150,21
2020-02-12,27,10,7,35,25,150,28
2020-02-13,50,10,9,35,34,150,50
2020-02-14,62,10,9,35,34,150,60
2020-02-15,38,10,7,35,34,150,40
2020-02-16,47,10,9,35,33,150,48
2020-02-17,38,10,9,35,34,150,41
2020-02-18,34,10,9,35,31,150,33
2020-02-19,35,10,9,35,32,150,37
2020-02-20,60,10,7,35,31,150,62
2020-02-21,54,10,9,35,31,150,55
2020-02-22,2,10,5,35,4,150,3
2020-02-23,32,10,9,35,29,150,31
2020-02-24,38,10,8,35,34,150,35
2020-02-25,29,10,7,35,27,150,32
2020-02-26,40,10,9,35,34,150,37
2020-02-27,2,10,2,35,3,150,1
2020-02-28,18,10,8,35,21,150,18
2020-02-29,30,10,9,35,29,150,30
2020-03-01,42,10,9,35,31,150,44
2020-03-02,29,10,9,35,31,150,29
2020-03-03,30,10,9,35,28,150,32
2020-03-04,38,10,8,35,32,150,37
2020-03-05,47,10,9,35,34,150,47
2020-03-06,56,10,9,35,32,150,57
2020-03-07,42,10,9,35,32,150,42
2020-03-08,52,10,9,35,34,150,50
2020-03-09,40,10,9,35,32,150,41
2020-03-10,30,10,9,35,31,150,32
2020-03-12,48,10,9,35,31,150,47
2020-03-13,29,10,7,35,29,150,31
2020-03-14,50,10,8,35,34,150,52
2020-03-15,40,10,7,35,33,150,40
2020-03-16,52,10,9,35,34,150,50
2020-03-17,51,10,6,35,31,150,51
2020-03-18,53,10,9,35,32,150,56
2020-03-19,45,10,8,35,31,150,47
2020-03-20,41,10,6,35,34,150,38
2020-03-21,37,10,8,35,32,150,38
2020-03-22,41,10,6,35,34,150,41
2020-03-23,33,10,8,35,34,150,32
2020-03-24,52,10,9,35,34,150,53
2020-03-25,31,10,9,35,28,150,33
2020-03-26,40,10,9,35,34,150,41
2020-03-27,38,10,6,35,34,150,36
2020-03-28,34,10,9,35,34,150,33
2020-03-29,36,10,8,35,31,150,35
2020-03-30,31,10,9,35,30,150,28
2020-03-31,33,10,9,35,32,150,36
2020-04-01,32,10,9,35,34,150,33
2020-04-02,52,10,7,35,32,150,49
2020-04-03,36,10,8,35,34,150,35
2020-04-04,48,10,9,35,34,150,46
2020-04-05,36,10,9,35,34,150,34
2020-04-06,48,10,9,35,33,150,47
2020-04-07,48,10,6,35,34,150,51
2020-04-08,39,10,9,35,33,150,41
2020-04-09,37,10,9,35,33,150,40
2020-04-10,47,10,6,35,32,150,46
2020-04-11,40,10,7,35,32,150,40
2020-04-12,43,10,9,35,34,150,44
2020-04-13,50,10,7,35,34,150,52
2020-04-14,24,10,9,35,27,150,25
2020-04-15,37,10,9,35,34,150,38
2020-04-18,45,10,8,35,33,150,43
2020-04-19,46,10,9,35,31,150,49
2020-04-20,34,10,9,35,33,150,36
2020-04-21,51,10,9,35,32,150,51
2020-04-22,45,10,7,35,34,150,48
2020-04-23,47,10,7,35,34,150,46
2020-04-24,45,10,9,35,31,150,48
2020-04-25,30,10,9,35,32,150,33
2020-04-26,39,10,6,35,34,150,36
2020-04-27,38,10,9,35,34,150,40
2020-04-28,44,10,8,35,34,150,47
2020-04-29,47,10,9,35,34,150,44
2020-04-30,36,10,9,35,34,150,36
2020-05-01,56,10,9,35,34,150,58
2020-05-02,48,10,8,35,34,150,46
2020-05-03,51,10,9,35,34,150,50
2020-05-04,41,10,9,35,34,150,44
2020-05-05,53,10,7,35,32,150,55
2020-05-06,49,10,6,35,33,150,46
2020-05-07,59,10,9,35,34,150,58
2020-05-08,53,10,9,35,33,150,53
2020-05-09,58,10,9,35,31,150,56
2020-05-10,39,10,8,35,34,150,39
2020-05-11,64,10,9,35,34,150,64
2020-05-12,56,10,9,35,33,150,55
2020-05-13,59,10,9,35,34,150,57
2020-05-14,51,10,9,35,34,150,54
2020-05-15,44,10,7,35,34,150,41
2020-05-16,45,10,8,35,33,150,45
2020-05-17,47,10,9,35,31,150,50
2020-05-18,55,10,8,35,34,150,57
2020-05-19,59,10,9,35,33,150,56
2020-05-20,55,10,9,35,34,150,58
2020-05-21,53,10,9,35,33,150,52
2020-05-22,62,10,9,35,33,150,59
2020-05-23,58,10,7,35,34,150,60
2020-05-24,64,10,7,35,34,150,66
2020-05-25,64,10,8,35,34,150,63
2020-05-26,71,10,9,35,34,150,69
2020-05-27,49,10,6,35,34,150,47
2020-05-28,55,10,9,35,34,150,52
2020-05-29,69,10,6,35,34,150,71
2020-05-30,52,10,9,35,34,150,55
2020-05-31,50,10,7,35,32,150,51
2020-06-01,65,10,6,35,34,150,66
2020-06-02,58,10,9,35,31,150,61
2020-06-03,60,10,9,35,33,150,63
2020-06-04,57,10,9,35,33,150,60
2020-06-05,75,10,9,35,34,150,76
2020-06-06,64,10,6,35,32,150,62
2020-06-07,41,10,6,35,33,150,42
2020-06-08,45,10,9,35,34,150,47
2020-06-09,56,10,6,35,33,150,55
2020-06-10,46,10,9,35,34,150,47
2020-06-11,49,10,7,35,33,150,51
2020-06-12,77,10,9,35,34,150,78
2020-06-13,54,10,6,35,34,150,53
2020-06-14,48,10,8,35,34,150,50
2020-06-15,51,10,6,35,31,150,54
2020-06-16,57,10,7,35,34,150,54
2020-06-17,61,10,7,35,31,150,58
2020-06-18,73,10,8,35,34,150,72
2020-06-19,54,10,6,35,34,150,54
2020-06-20,52,10,8,35,31,150,52
2020-06-21,46,10,7,35,31,150,45
2020-06-22,57,10,9,35,34,150,59
2020-06-23,61,10,9,35,32,150,61
2020-06-24,61,10,8,35,34,150,58
2020-06-25,58,10,6,35,33,150,57
2020-06-26,66,10,8,35,33,150,65
2020-06-27,42,10,9,35,32,150,45
2020-06-28,65,10,8,35,32,150,68
2020-06-29,49,10,9,35,32,150,47
2020-06-30,50,10,9,35,34,150,53
2020-07-01,51,10,6,35,32,150,48
2020-07-02,75,10,9,35,33,150,74
2020-07-03,69,10,8,35,34,150,66
2020-07-04,63,10,9,35,34,150,64
2020-07-05,61,10,7,35,31,150,61
2020-07-06,58,10,9,35,34,150,61
2020-07-07,62,10,8,35,32,150,64
2020-07-08,55,10,6,35,33,150,58
2020-07-09,54,10,9,35,34,150,56
2020-07-10,83,10,9,35,32,150,83
2020-07-11,58,10,9,35,32,150,59
2020-07-12,59,10,9,35,31,150,57
2020-07-13,51,10,9,35,34,150,52
2020-07-14,49,10,6,35,34,150,47
2020-07-15,53,10,9,35,31,150,54
2020-07-16,62,10,8,35,32,150,63
2020-07-17,50,10,7,35,34,150,50
2020-07-18,47,10,9,35,33,150,49
2020-07-19,54,10,8,35,31,150,55
2020-07-20,49,10,9,35,32,150,47
2020-07-21,48,10,9,35,34,150,50
2020-07-22,40,10,8,35,34,150,38
2020-07-23,49,10,7,35,34,150,47
2020-07-24,62,10,8,35,31,150,64
2020-07-25,60,10,9,35,34,150,60
2020-07-26,59,10,7,35,33,150,59
2020-07-27,45,10,6,35,34,150,44
2020-07-28,63,10,7,35,34,150,63
2020-07-29,63,10,6,35,34,150,64
2020-07-30,46,10,6,35,34,150,44
2020-07-31,57,10,9,35,34,150,57
2020-08-02,58,10,9,35,34,150,55
2020-08-03,71,10,9,35,34,150,73
2020-08-04,42,10,9,35,34,150,40
2020-08-05,51,10,9,35,34,150,54
2020-08-06,43,10,9,35,34,150,44
2020-08-07,75,10,6,35,34,150,78
2020-08-08,65,10,9,35,32,150,62
2020-08-09,52,10,9,35,31,150,55
2020-08-10,55,10,9,35,34,150,58
2020-08-11,43,10,6,35,34,150,45
2020-08-12,54,10,9,35,34,150,52
2020-08-13,53,10,9,35,33,150,52
2020-08-14,64,10,8,35,34,150,64
2020-08-15,63,10,9,35,31,150,60
2020-08-16,48,10,9,35,33,150,47
2020-08-17,60,10,6,35,34,150,60
2020-08-18,52,10,6,35,34,150,55
2020-08-19,58,10,6,35,33,150,59
2020-08-20,48,10,9,35,34,150,51
2020-08-21,51,10,7,35,34,150,50
2020-08-22,52,10,9,35,34,150,54
2020-08-23,50,10,7,35,31,150,51
2020-08-24,41,10,9,35,34,150,43
2020-08-25,50,10,9,35,32,150,47
2020-08-26,34,10,6,35,32,150,33
2020-08-27,41,10,9,35,34,150,42
2020-08-28,45,10,9,35,34,150,46
2020-08-29,44,10,8,35,34,150,42
2020-08-30,47,10,9,35,31,150,47
2020-08-31,21,10,8,35,19,150,24
2020-09-01,49,10,6,35,33,150,49
2020-09-02,42,10,9,35,32,150,41
2020-09-03,17,10,9,35,15,150,17
2020-09-04,33,10,9,35,34,150,35
2020-09-05,32,10,9,35,34,150,34
2020-09-06,35,10,9,35,34,150,34
2020-09-07,25,10,9,35,26,150,27
2020-09-08,19,10,9,35,16,150,21
2020-09-09,7,10,5,35,9,150,8
2020-09-10,9,10,9,35,7,150,11
2020-09-11,8,10,6,35,6,150,7
2020-09-12,12,10,8,35,14,150,11
2020-09-13,6,10,4,35,4,150,4
2020-09-14,3,10,3,35,1,150,3
2020-09-15,6,10,5,35,3,150,9
2020-09-16,16,10,9,35,15,150,15
2020-09-17,13,10,8,35,15,150,12
2020-09-18,10,10,9,35,13,150,12
2020-09-19,16,10,9,35,17,150,14
2020-09-20,8,10,5,35,10,150,11
2020-09-21,10,10,7,35,10,150,7
2020-09-22,14,10,9,35,13,150,11
2020-09-23,8,10,7,35,8,150,7
2020-09-24,10,10,7,35,13,150,12
2020-09-25,7,10,4,35,7,150,9
2020-09-26,16,10,9,35,14,150,14
2020-09-27,4,10,5,35,6,150,6
2020-09-28,11,10,8,35,10,150,8
2020-09-29,14,10,9,35,14,150,15
2020-09-30,7,10,5,35,8,150,4
2020-10-01,13,10,7,35,11,150,14
2020-10-02,6,10,7,35,8,150,9
2020-10-03,12,10,7,35,13,150,11
2020-10-04,13,10,6,35,13,150,12
2020-10-05,5,10,5,35,3,150,5
2020-10-06,7,10,9,35,8,150,8
2020-10-07,8,10,8,35,8,150,8
2020-10-08,18,10,7,35,17,150,20
2020-10-09,15,10,9,35,14,150,17
2020-10-10,10,10,9,35,11,150,9
2020-10-11,4,10,3,35,7,150,5
2020-10-12,6,10,3,35,3,150,6
2020-10-13,7,10,7,35,9,150,6
2020-10-14,12,10,9,35,14,150,15
2020-10-15,10,10,8,35,11,150,10
2020-10-16,11,10,9,35,12,150,9
2020-10-17,9,10,8,35,9,150,6
2020-10-18,9,10,9,35,12,150,9
2020-10-19,6,10,6,35,9,150,3
2020-10-20,5,10,6,35,4,150,6
2020-10-21,10,10,7,35,8,150,7
2020-10-22,8,10,8,35,10,150,9
2020-10-23,7,10,6,35,8,150,4
2020-10-24,5,10,2,35,3,150,7
2020-10-26,3,10,2,35,1,150,2
2020-10-27,12,10,9,35,15,150,10
2020-10-28,5,10,4,35,4,150,7
2020-10-29,12,10,6,35,11,150,12
2020-10-30,11,10,9,35,10,150,12
2020-10-31,8,10,9,35,10,150,9
2020-11-01,5,10,7,35,4,150,7
2020-11-02,2,10,5,35,2,150,1
2020-11-03,11,10,9,35,9,150,12
2020-11-04,7,10,9,35,6,150,10
2020-11-05,1,10,1,35,2,150,4
2020-11-06,6,10,8,35,5,150,4
2020-11-07,5,10,6,35,4,150,4
2020-11-08,10,10,6,35,12,150,9
2020-11-09,10,10,9,35,7,150,13
2020-11-10,5,10,4,35,8,150,2
2020-11-11,8,10,9,35,6,150,6
2020-11-12,9,10,7,35,8,150,9
2020-11-13,10,10,9,35,9,150,13
2020-11-14,3,10,5,35,2,150,1
2020-11-15,0,10,1,35,1,150,1
2020-11-17,3,10,1,35,2,150,3
2020-11-18,7,10,4,35,9,150,6
2020-11-19,10,10,9,35,9,150,7
2020-11-20,8,10,7,35,5,150,8
2020-11-21,7,10,9,35,7,150,8
2020-11-22,4,10,6,35,5,150,5
2020-11-23,7,10,9,35,6,150,5
2020-11-24,7,10,4,35,10,150,4
2020-11-25,7,10,6,35,10,150,4
2020-11-26,5,10,3,35,7,150,5
2020-11-27,6,10,4,35,8,150,8
2020-11-28,5,10,2,35,4,150,3
2020-11-29,8,10,6,35,7,150,5
2020-11-30,8,10,5,35,10,150,8
2020-12-01,7,10,8,35,7,150,9
2020-12-02,4,10,5,35,3,150,6
2020-12-03,10,10,7,35,12,150,8
2020-12-04,14,10,8,35,11,150,13
2020-12-05,3,10,4,35,3,150,1
2020-12-06,6,10,3,35,4,150,7
2020-12-07,6,10,6,35,5,150,5
2020-12-08,5,10,7,35,6,150,4
2020-12-09,7,10,4,35,9,150,4
2020-12-10,2,10,1,35,1,150,1
2020-12-11,7,10,7,35,9,150,10
2020-12-12,3,10,2,35,1,150,6
2020-12-13,7,10,6,35,7,150,8
2020-12-14,6,10,6,35,3,150,7
2020-12-15,5,10,6,35,3,150,2
2020-12-16,10,10,8,35,12,150,13
2020-12-17,3,10,2,35,4,150,1
2020-12-18,1,10,1,35,1,150,2
2020-12-19,2,10,4,35,3,150,4
2020-12-20,3,10,5,35,1,150,3
2020-12-21,4,10,5,35,3,150,4
2020-12-22,3,10,2,35,4,150,1
2020-12-23,1,10,1,35,3,150,2
2020-12-24,4,10,4,35,1,150,7
2020-12-25,1,10,3,35,1,150,1
2020-12-26,7,10,9,35,6,150,7
2020-12-27,8,10,5,35,5,150,5
2020-12-28,8,10,9,35,8,150,11
2020-12-29,7,10,4,35,4,150,4
2020-12-30,26,10,9,35,25,150,25
2020-12-31,26,10,9,35,24,150,27
2021-01-01,21,10,9,35,22,150,23
2021-01-02,20,10,9,35,22,150,19
2021-01-04,16,10,7,35,18,150,15
2021-01-05,27,10,9,35,24,150,24
2021-01-06,28,10,9,35,30,150,28
2021-01-07,21,10,9,35,23,150,19
2021-01-08,29,10,9,35,30,150,32
2021-01-09,26,10,6,35,25,150,25
2021-01-10,22,10,6,35,24,150,20
2021-01-11,25,10,6,35,24,150,23
2021-01-12,29,10,9,35,28,150,30
2021-01-13,9,10,7,35,7,150,9
2021-01-14,34,10,9,35,31,150,36
2021-01-15,23,10,6,35,22,150,20
2021-01-16,27,10,9,35,25,150,28
2021-01-17,32,10,9,35,33,150,35
2021-01-18,28,10,9,35,25,150,28
2021-01-19,28,10,6,35,30,150,26
2021-01-20,26,10,8,35,23,150,26
2021-01-21,39,10,9,35,34,150,42
2021-01-22,23,10,8,35,22,150,26
2021-01-23,23,10,9,35,21,150,21
2021-01-24,36,10,6,35,34,150,33
2021-01-25,22,10,6,35,24,150,22
2021-01-26,27,10,9,35,26,150,25
2021-01-27,38,10,9,35,34,150,40
2021-01-28,27,10,9,35,24,150,25
2021-01-29,31,10,6,35,32,150,31
2021-01-30,23,10,7,35,21,150,24
2021-01-31,35,10,7,35,34,150,33
2021-02-01,37,10,7,35,34,150,38
2021-02-02,32,10,9,35,34,150,29
2021-02-03,26,10,9,35,27,150,26
2021-02-04,38,10,8,35,32,150,41
2021-02-05,40,10,9,35,32,150,38
2021-02-06,27,10,9,35,28,150,30
2021-02-07,34,10,8,35,34,150,37
2021-02-08,28,10,7,35,27,150,30
2021-02-09,23,10,9,35,23,150,22
2021-02-10,44,10,6,35,34,150,42
2021-02-11,41,10,6,35,34,150,43
2021-02-12,47,10,6,35,34,150,48
2021-02-13,34,10,6,35,34,150,36
2021-02-14,27,10,9,35,29,150,28
2021-02-15,40,10,8,35,31,150,37
2021-02-16,42,10,8,35,34,150,40
2021-02-17,25,10,9,35,24,150,25
2021-02-18,35,10,9,35,34,150,36
2021-02-19,34,10,7,35,34,150,36
2021-02-20,31,10,8,35,34,150,28
2021-02-21,31,10,9,35,34,150,31
2021-02-22,33,10,9,35,33,150,32
2021-02-23,36,10,8,35,33,150,37
2021-02-24,24,10,6,35,24,150,23
2021-02-25,39,10,9,35,33,150,39
2021-02-26,47,10,9,35,34,150,50
2021-02-27,25,10,9,35,22,150,23
2021-02-28,29,10,9,35,26,150,30
2021-03-01,33,10,9,35,30,150,34
2021-03-02,33,10,9,35,31,150,34
2021-03-03,39,10,7,35,34,150,40
2021-03-04,18,10,9,35,17,150,21
2021-03-05,42,10,9,35,34,150,43
2021-03-06,60,10,6,35,34,150,63
2021-03-07,47,10,8,35,31,150,44
2021-03-08,52,10,7,35,33,150,54
2021-03-09,35,10,6,35,34,150,34
2021-03-10,53,10,8,35,32,150,50
2021-03-11,43,10,9,35,32,150,45
2021-03-12,57,10,9,35,34,150,60
2021-03-13,42,10,9,35,31,150,41
2021-03-14,43,10,6,35,33,150,42
2021-03-15,42,10,9,35,33,150,40
2021-03-16,45,10,9,35,32,150,42
2021-03-17,63,10,6,35,32,150,62
2021-03-18,64,10,9,35,34,150,65
2021-03-19,57,10,6,35,34,150,59
2021-03-20,63,10,6,35,31,150,63
2021-03-21,56,10,9,35,33,150,57
2021-03-22,52,10,9,35,34,150,53
2021-03-23,57,10,8,35,34,150,56
2021-03-24,53,10,9,35,34,150,51
2021-03-25,60,10,9,35,33,150,60
2021-03-26,49,10,9,35,34,150,50
2021-03-27,56,10,9,35,31,150,56
2021-03-28,53,10,9,35,33,150,51
2021-03-29,32,10,9,35,32,150,35
2021-03-30,36,10,8,35,34,150,39
2021-03-31,32,10,8,35,30,150,30
2021-04-01,40,10,9,35,33,150,39
2021-04-02,27,10,9,35,26,150,29
2021-04-03,20,10,9,35,23,150,17
2021-04-04,27,10,9,35,29,150,26
2021-04-05,8,10,8,35,8,150,8
2021-04-06,6,10,4,35,7,150,4
2021-04-07,8,10,6,35,11,150,9
2021-04-08,10,10,9,35,13,150,11
2021-04-09,16,10,8,35,17,150,18
2021-04-10,13,10,9,35,14,150,10
2021-04-11,29,10,8,35,32,150,31
2021-04-12,11,10,6,35,13,150,8
2021-04-13,24,10,9,35,26,150,27
2021-04-14,6,10,9,35,9,150,4
2021-04-15,14,10,7,35,15,150,14
2021-04-16,13,10,7,35,14,150,12
2021-04-17,11,10,9,35,10,150,12
2021-04-18,17,10,9,35,20,150,15
2021-04-19,3,10,3,35,4,150,6
2021-04-20,8,10,9,35,7,150,5
2021-04-21,11,10,9,35,13,150,11
2021-04-22,13,10,9,35,13,150,11
2021-04-23,10,10,6,35,12,150,9
2021-04-24,8,10,5,35,8,150,7
2021-04-25,9,10,6,35,7,150,7
2021-04-26,11,10,9,35,8,150,13
2021-04-27,9,10,6,35,11,150,11
2021-04-28,14,10,9,35,12,150,13
2021-04-29,14,10,8,35,16,150,14
2021-04-30,7,10,9,35,4,150,7
2021-05-01,13,10,9,35,11,150,15
2021-05-02,11,10,9,35,8,150,10
2021-05-03,5,10,8,35,6,150,5
2021-05-04,5,10,4,35,4,150,8
2021-05-05,12,10,6,35,10,150,13
2021-05-06,9,10,6,35,11,150,6
2021-05-07,5,10,8,35,8,150,6
2021-05-08,6,10,5,35,6,150,7
2021-05-09,10,10,9,35,10,150,10
2021-05-10,14,10,7,35,14,150,17
2021-05-11,11,10,7,35,12,150,9
2021-05-12,11,10,7,35,9,150,11
2021-05-13,9,10,6,35,8,150,7
2021-05-14,7,10,9,35,6,150,10
2021-05-15,8,10,6,35,7,150,7
2021-05-16,10,10,6,35,10,150,13
2021-05-17,6,10,3,35,5,150,6
2021-05-18,2,10,1,35,5,150,1
2021-05-19,11,10,8,35,12,150,8
2021-05-20,8,10,6,35,8,150,11
2021-05-21,6,10,8,35,6,150,9
2021-05-22,10,10,9,35,9,150,9
2021-05-23,10,10,9,35,10,150,11
2021-05-24,4,10,3,35,6,150,4
2021-05-25,10,10,9,35,9,150,13
2021-05-26,6,10,3,35,6,150,6
2021-05-27,8,10,6,35,7,150,7
2021-05-28,2,10,5,35,1,150,1
2021-05-29,7,10,5,35,8,150,7
2021-05-30,7,10,9,35,8,150,4
2021-05-31,9,10,6,35,12,150,12
2021-06-01,7,10,9,35,10,150,8
2021-06-02,8,10,9,35,10,150,10
2021-06-03,12,10,9,35,14,150,10
2021-06-04,3,10,1,35,3,150,5
2021-06-05,6,10,7,35,6,150,5
2021-06-06,6,10,4,35,8,150,9
2021-06-07,14,10,9,35,15,150,15
2021-06-08,10,10,8,35,9,150,9
2021-06-09,29,10,8,35,28,150,28
2021-06-10,24,10,9,35,25,150,27
2021-06-11,38,10,8,35,34,150,39
2021-06-12,34,10,6,35,33,150,34
2021-06-13,33,10,9,35,34,150,36
2021-06-14,34,10,9,35,34,150,32
2021-06-15,38,10,9,35,32,150,37
2021-06-16,34,10,9,35,34,150,35
2021-06-17,48,10,9,35,34,150,45
2021-06-18,39,10,9,35,34,150,37
2021-06-19,38,10,9,35,31,150,38
2021-06-20,38,10,9,35,32,150,39
2021-06-21,28,10,9,35,31,150,31
2021-06-22,34,10,9,35,34,150,33
2021-06-23,58,10,9,35,34,150,56
2021-06-24,30,10,9,35,28,150,32
2021-06-25,44,10,9,35,32,150,45
2021-06-26,37,10,9,35,34,150,38
2021-06-27,20,10,9,35,17,150,23
2021-06-28,46,10,7,35,34,150,45
2021-06-29,46,10,8,35,34,150,48
2021-06-30,40,10,9,35,34,150,37
2021-07-01,43,10,9,35,33,150,43
2021-07-02,42,10,9,35,34,150,43
2021-07-03,47,10,8,35,33,150,50
2021-07-04,40,10,7,35,33,150,42
2021-07-05,48,10,9,35,34,150,46
2021-07-06,38,10,7,35,34,150,38
2021-07-07,56,10,9,35,34,150,55
2021-07-08,52,10,9,35,32,150,50
2021-07-09,68,10,9,35,34,150,71
2021-07-10,71,10,6,35,34,150,70
2021-07-11,70,10,9,35,34,150,69
2021-07-12,65,10,7,35,32,150,63
2021-07-13,70,10,6,35,34,150,71
2021-07-14,49,10,9,35,34,150,47
2021-07-15,57,10,9,35,34,150,58
2021-07-16,61,10,8,35,33,150,64
2021-07-17,70,10,6,35,34,150,68
2021-07-18,37,10,7,35,34,150,40
2021-07-19,51,10,7,35,33,150,52
2021-07-20,49,10,9,35,31,150,48
2021-07-21,45,10,9,35,34,150,46
2021-07-22,45,10,8,35,32,150,44
2021-07-23,35,10,9,35,34,150,35
2021-07-24,30,10,9,35,30,150,27
2021-07-25,41,10,9,35,34,150,39
2021-07-26,22,10,6,35,24,150,19
2021-07-27,20,10,9,35,19,150,19
2021-07-28,15,10,9,35,15,150,13
2021-07-29,15,10,7,35,17,150,12
2021-07-30,16,10,8,35,15,150,18
2021-07-31,25,10,6,35,25,150,22
2021-08-01,20,10,9,35,23,150,17
2021-08-02,82,10,6,35,34,150,85
2021-08-03,60,10,7,35,34,150,59
2021-08-04,67,10,9,35,34,150,65
2021-08-05,84,10,9,35,34,150,84
2021-08-06,90,10,6,35,34,150,93
2021-08-07,106,10,7,35,34,150,106
2021-08-08,108,10,7,35,31,150,110
2021-08-09,94,10,9,35,32,150,95
2021-08-10,92,10,9,35,32,150,94
2021-08-11,69,10,9,35,31,150,70
2021-08-12,67,10,9,35,34,150,67
2021-08-13,97,10,9,35,32,150,95
2021-08-14,91,10,9,35,34,150,90
2021-08-15,94,10,6,35,31,150,97
2021-08-16,83,10,9,35,31,150,83
2021-08-17,90,10,9,35,34,150,90
2021-08-18,79,10,9,35,34,150,80
2021-08-19,67,10,9,35,33,150,66
2021-08-20,70,10,9,35,34,150,68
2021-08-21,95,10,9,35,34,150,98
2021-08-22,89,10,9,35,34,150,88
2021-08-23,84,10,9,35,34,150,86
2021-08-24,72,10,9,35,34,150,73
2021-08-25,90,10,9,35,34,150,92
2021-08-26,79,10,9,35,34,150,80
2021-08-27,68,10,9,35,34,150,71
2021-08-28,71,10,9,35,31,150,73
2021-08-29,90,10,8,35,34,150,87
2021-08-30,83,10,6,35,32,150,82
2021-08-31,77,10,6,35,33,150,74
2021-09-01,83,10,8,35,32,150,86
2021-09-02,63,10,6,35,34,150,66
2021-09-03,76,10,7,35,34,150,74
2021-09-04,78,10,9,35,34,150,81
2021-09-05,96,10,9,35,34,150,93
2021-09-06,73,10,7,35,34,150,72
2021-09-07,72,10,9,35,34,150,71
2021-09-08,67,10,7,35,33,150,66
2021-09-09,49,10,8,35,34,150,46
2021-09-10,72,10,8,35,34,150,70
2021-09-11,66,10,9,35,34,150,67
2021-09-12,66,10,9,35,34,150,68
2021-09-13,26,10,9,35,28,150,23
2021-09-14,68,10,8,35,31,150,71
2021-09-15,79,10,7,35,32,150,80
2021-09-16,57,10,9,35,34,150,60
2021-09-17,59,10,9,35,33,150,62
2021-09-18,44,10,8,35,34,150,45
2021-09-19,71,10,9,35,34,150,72
2021-09-20,60,10,9,35,33,150,59
2021-09-21,48,10,8,35,34,150,49
2021-09-22,56,10,6,35,32,150,59
2021-09-23,60,10,9,35,33,150,62
2021-09-24,61,10,9,35,33,150,62
2021-09-25,59,10,8,35,33,150,62
2021-09-26,57,10,9,35,34,150,58
2021-09-27,54,10,9,35,31,150,55
2021-09-28,58,10,7,35,33,150,57
2021-09-29,66,10,7,35,34,150,65
2021-09-30,64,10,9,35,34,150,63
2021-10-01,49,10,9,35,34,150,51
2021-10-02,57,10,8,35,32,150,60
2021-10-03,59,10,7,35,34,150,61
2021-10-04,65,10,9,35,33,150,63
2021-10-05,54,10,9,35,34,150,57
2021-10-06,64,10,6,35,31,150,63
2021-10-07,66,10,6,35,31,150,69
2021-10-08,50,10,9,35,31,150,52
2021-10-09,70,10,9,35,32,150,72
2021-10-10,57,10,9,35,31,150,60
2021-10-11,74,10,9,35,34,150,76
2021-10-12,86,10,7,35,32,150,87
2021-10-13,86,10,7,35,31,150,87
2021-10-14,84,10,9,35,33,150,83
2021-10-15,81,10,6,35,32,150,82
2021-10-16,82,10,8,35,31,150,79
2021-10-17,90,10,9,35,34,150,93
2021-10-18,71,10,9,35,31,150,74
2021-10-19,69,10,6,35,34,150,71
2021-10-20,81,10,9,35,33,150,78
2021-10-21,87,10,9,35,34,150,87
2021-10-22,80,10,9,35,34,150,80
2021-10-23,77,10,7,35,33,150,79
2021-10-24,66,10,8,35,34,150,63
2021-10-25,81,10,9,35,33,150,84
2021-10-26,72,10,6,35,31,150,71
2021-10-27,73,10,8,35,34,150,71
2021-10-28,77,10,9,35,34,150,78
2021-10-29,70,10,8,35,34,150,67
2021-10-30,71,10,9,35,34,150,68
2021-10-31,54,10,9,35,32,150,57
2021-11-01,65,10,6,35,32,150,67
2021-11-02,80,10,9,35,34,150,81
2021-11-03,68,10,9,35,31,150,71
2021-11-04,73,10,9,35,33,150,74
2021-11-05,74,10,7,35,34,150,75
2021-11-06,76,10,6,35,33,150,77
2021-11-07,63,10,6,35,34,150,63
2021-11-08,62,10,7,35,34,150,65
2021-11-09,70,10,7,35,34,150,67
2021-11-10,61,10,7,35,34,150,63
2021-11-11,70,10,9,35,34,150,67
2021-11-12,54,10,9,35,34,150,56
2021-11-13,72,10,9,35,34,150,69
2021-11-14,72,10,8,35,32,150,74
2021-11-15,77,10,9,35,34,150,79
2021-11-16,60,10,9,35,34,150,58
2021-11-17,73,10,6,35,34,150,73
2021-11-18,62,10,9,35,34,150,59
2021-11-19,66,10,9,35,32,150,65
2021-11-20,54,10,9,35,34,150,53
2021-11-21,56,10,7,35,34,150,56
2021-11-22,70,10,9,35,34,150,69
2021-11-23,65,10,9,35,34,150,66
2021-11-24,89,10,8,35,34,150,92
2021-11-25,89,10,9,35,33,150,91
2021-11-26,81,10,7,35,34,150,83
2021-11-27,71,10,7,35,34,150,68
2021-11-28,64,10,9,35,34,150,62
2021-11-29,77,10,8,35,34,150,76
2021-11-30,67,10,9,35,34,150,65
2021-12-01,76,10,9,35,31,150,73
2021-12-02,74,10,9,35,32,150,73
2021-12-03,81,10,9,35,34,150,78
2021-12-04,73,10,9,35,34,150,75
2021-12-05,83,10,9,35,34,150,86
2021-12-06,66,10,9,35,34,150,69
2021-12-07,64,10,9,35,34,150,62
2021-12-08,74,10,9,35,33,150,76
2021-12-09,67,10,9,35,34,150,64
2021-12-10,70,10,9,35,34,150,69
2021-12-11,80,10,9,35,31,150,78
2021-12-12,76,10,9,35,31,150,78
2021-12-13,67,10,7,35,33,150,64
2021-12-14,71,10,6,35,34,150,70
2021-12-15,57,10,9,35,33,150,56
2021-12-16,79,10,9,35,34,150,77
2021-12-17,71,10,7,35,34,150,68
2021-12-18,71,10,9,35,34,150,71
2021-12-19,74,10,9,35,34,150,74
2021-12-20,69,10,7,35,34,150,70
2021-12-21,64,10,6,35,34,150,67
2021-12-22,77,10,9,35,31,150,76
2021-12-23,65,10,7,35,33,150,62
2021-12-24,76,10,6,35,34,150,77
2021-12-25,72,10,6,35,34,150,71
2021-12-26,79,10,9,35,34,150,82
2021-12-27,69,10,9,35,34,150,71
2021-12-28,67,10,9,35,34,150,66
2021-12-29,79,10,9,35,34,150,81
2021-12-30,62,10,7,35,32,150,64
2021-12-31,80,10,6,35,34,150,78
2022-01-01,61,10,9,35,34,150,63
2022-01-02,78,10,6,35,33,150,77
2022-01-03,64,10,9,35,34,150,62
2022-01-04,70,10,8,35,34,150,72
2022-01-05,59,10,6,35,34,150,61
2022-01-06,77,10,9,35,34,150,79
2022-01-07,84,10,6,35,33,150,85
2022-01-08,70,10,8,35,31,150,68
2022-01-09,69,10,9,35,32,150,72
2022-01-10,66,10,8,35,34,150,68
2022-01-11,60,10,7,35,32,150,57
2022-01-12,73,10,9,35,34,150,71
2022-01-13,85,10,6,35,31,150,84
2022-01-14,73,10,7,35,34,150,76
2022-01-15,81,10,8,35,34,150,83
2022-01-16,74,10,9,35,34,150,74
2022-01-17,63,10,6,35,34,150,64
2022-01-18,73,10,9,35,34,150,73
2022-01-19,72,10,9,35,34,150,71
2022-01-20,75,10,9,35,34,150,77
2022-01-21,65,10,9,35,32,150,63
2022-01-22,69,10,9,35,34,150,69
2022-01-23,64,10,6,35,34,150,67
2022-01-24,69,10,9,35,34,150,69
2022-01-25,76,10,9,35,34,150,79
2022-01-26,71,10,7,35,34,150,70
2022-01-27,77,10,7,35,34,150,79
2022-01-28,72,10,6,35,31,150,74
2022-01-29,74,10,7,35,34,150,72
2022-01-30,69,10,7,35,34,150,71
2022-01-31,84,10,7,35,31,150,82
2022-02-01,83,10,8,35,34,150,81
2022-02-02,62,10,7,35,34,150,60
2022-02-03,77,10,6,35,34,150,76
2022-02-04,82,10,7,35,32,150,79
2022-02-05,66,10,6,35,34,150,66
2022-02-06,76,10,9,35,34,150,75
2022-02-07,78,10,9,35,34,150,79
2022-02-08,78,10,8,35,34,150,79
2022-02-09,76,10,9,35,34,150,75
2022-02-10,93,10,9,35,32,150,92
2022-02-11,67,10,7,35,34,150,66
2022-02-12,66,10,8,35,34,150,68
2022-02-13,69,10,9,35,34,150,72
2022-02-14,79,10,7,35,34,150,82
2022-02-15,80,10,9,35,34,150,81
2022-02-16,76,10,9,35,34,150,77
2022-02-17,81,10,7,35,34,150,80
2022-02-18,68,10,9,35,34,150,71
2022-02-19,70,10,8,35,34,150,71
2022-02-20,62,10,7,35,34,150,63
2022-02-21,58,10,7,35,33,150,60
2022-02-22,72,10,9,35,34,150,70
2022-02-23,80,10,9,35,33,150,83
2022-02-24,79,10,9,35,34,150,82
2022-02-25,75,10,9,35,33,150,74
2022-02-26,92,10,9,35,34,150,93
2022-02-27,90,10,9,35,32,150,87
2022-02-28,89,10,8,35,34,150,91
2022-03-01,72,10,8,35,31,150,71
2022-03-02,84,10,9,35,34,150,86
2022-03-03,84,10,7,35,34,150,86
2022-03-04,82,10,9,35,33,150,81
2022-03-05,74,10,6,35,34,150,72
2022-03-06,65,10,7,35,34,150,62
2022-03-07,81,10,6,35,34,150,84
2022-03-08,74,10,9,35,34,150,72
2022-03-09,74,10,9,35,34,150,76
2022-03-10,82,10,6,35,33,150,84
2022-03-11,80,10,6,35,34,150,79
2022-03-12,77,10,9,35,34,150,80
2022-03-13,68,10,7,35,33,150,68
2022-03-14,74,10,8,35,34,150,77
2022-03-15,68,10,8,35,34,150,67
2022-03-16,82,10,9,35,34,150,81
2022-03-17,85,10,7,35,32,150,84
2022-03-18,83,10,9,35,34,150,84
2022-03-19,89,10,9,35,34,150,88
2022-03-20,79,10,6,35,31,150,81
